Address,Lanes,Image_Name
"5403 W Ridgecrest Dr Spokane, Washington",1,img_01_001.jpg
"9926 N Glenwood Dr Spokane, Washington",1,img_01_002.jpg
"9811 N Arrowhead Dr Spokane, Washington",1,img_01_003.jpg
"5309 W Navaho Ave Spokane, Washington",1,img_01_004.jpg
"5510 W Comanche Dr Spokane, Washington",1,img_01_005.jpg
"3909 Bradbury Spokane, Washington",1,img_01_006.jpg
"9115 Warren Spokane, Washington",1,img_01_007.jpg
"4111 Moonlight Ct Spokane, Washington",1,img_01_008.jpg
"10021 Moss Ln Spokane, Washington",1,img_01_009.jpg
"2631 W Westover Rd Spokane, Washington",1,img_01_010.jpg
"10900 N Indian Trail Rd Spokane, Washington",2,img_02_001.jpg
"9925 N 5 Mile Rd Spokane, Washington",2,img_02_002.jpg
"2605 W Strong Rd Spokane, Washington",2,img_02_003.jpg
"6000 W Trails Rd Spokane, Washington",2,img_02_004.jpg
"2316 N Government Way Spokane, Washington",2,img_02_005.jpg
"2019 W Riverside Ave Spokane, Washington",2,img_02_006.jpg
"10404 E 44th Ave Spokane Valley, Washington",2,img_02_007.jpg
"7698 Rural Rte 7 Spokane, Washington",2,img_02_008.jpg
"4219 S Madison Rd Spokane Valley, Washington",2,img_02_009.jpg
"3613 S Bowdish Rd Spokane Valley, Washington",2,img_02_010.jpg
"9721 N Indian Trail Rd Spokane, Washington",3,img_03_001.jpg
"5598 N Assembly St Spokane, Washington",3,img_03_002.jpg
"4011 W Northwest Blvd Spokane, Washington",3,img_03_003.jpg
"11905 E 32nd Ave Spokane Valley, Washington",3,img_03_004.jpg
"1427 E Illinois Ave Spokane, Washington",3,img_03_005.jpg
"2437 N Perry St Spokane, Washington",3,img_03_006.jpg
"11813 E Mission Ave Spokane Valley, Washington",3,img_03_007.jpg
"14509 E Mission Ave Spokane Valley, Washington",3,img_03_008.jpg
"11719 E Broadway Ave Spokane Valley, Washington",3,img_03_009.jpg
"11807 E 16th Ave Spokane Valley, Washington",3,img_03_010.jpg
"5966 WA-291 Spokane, Washington",4,img_04_001.jpg
"1899 S Dishman Mica Rd Spokane Valley, Washington",4,img_04_002.jpg
"2516 S University Rd Spokane Valley, Washington",4,img_04_003.jpg
"823 S University Rd Spokane Valley, Washington",4,img_04_004.jpg
"2830 E Francis Ave Spokane, Washington",4,img_04_005.jpg
"3927 W Indian Trail Rd Spokane, Washington",4,img_04_006.jpg
"2300 E Euclid Ave Spokane, Washington",4,img_04_007.jpg
"3731 W Indian Trail Rd Spokane, Washington",4,img_04_008.jpg
"3821 W Indian Trail Rd Spokane, Washington",4,img_04_009.jpg
"237 W Riverside Ave Spokane, Washington",4,img_04_010.jpg
"2309 WA-291 Spokane, Washington",5,img_05_001.jpg
"226 Evergreen Rd Spokane Valley, Washington",5,img_05_002.jpg
"115 I-90BL Spokane Valley, Washington",5,img_05_003.jpg
"19668 E Appleway Ave Liberty Lake, Washington",5,img_05_004.jpg
"22026 E Country Vista Dr Liberty Lake, Washington",5,img_05_005.jpg
"2621 W Francis Ave Spokane, Washington",5,img_05_006.jpg
"10709 N Division St Spokane, Washington",5,img_05_007.jpg
"425 N Fancher Rd Spokane Valley, Washington",5,img_05_008.jpg
"3510 Sullivan Rd Spokane Valley, Washington",5,img_05_009.jpg
"3922 N Division St Spokane, Washington",5,img_05_010.jpg